{
  "schema": 2,
  "timestamp": "2026-07-18T21:49:57+00:00",
  "git_commit": "d943249",
  "iterations": 7,
  "image": {
    "width": 1920,
    "height": 1080
  },
  "environment": {
    "python": "3.11.15",
    "pillow": "12.3.0",
    "numpy": "2.4.5",
    "system": "Linux",
    "release": "6.18.5",
    "machine": "x86_64",
    "processor": "x86_64",
    "cpu_count": 4,
    "runner": "local"
  },
  "formats": {
    "PNG": {
      "encode_ms": 872.7659,
      "decode_ms": 39.5268,
      "process_ms": 558.6101,
      "encoded_bytes": 2639455.0
    },
    "JPEG": {
      "encode_ms": 19.0311,
      "decode_ms": 11.6867,
      "process_ms": 46.3714,
      "encoded_bytes": 596535.0
    },
    "WebP": {
      "encode_ms": 307.1814,
      "decode_ms": 56.2169,
      "process_ms": 277.0432,
      "encoded_bytes": 588020.0
    },
    "TIFF": {
      "encode_ms": 123.3993,
      "decode_ms": 45.2015,
      "process_ms": 133.0268,
      "encoded_bytes": 6696130.0
    },
    "HEIGHT16-1MP": {
      "import_ms": 3.4182590000000346,
      "process_ms": 50.74294500002452,
      "roundtrip_ms": 74.45393799997646,
      "preview_ms": 99.96004600003516,
      "mesh_build_ms": 35.73222500000384,
      "mesh_peak_mb": 35.848,
      "mesh_vertices": 262144.0,
      "mesh_triangles": 522242.0,
      "mesh_decimation": 2.0
    },
    "HEIGHT16-16MP": {
      "import_ms": 77.84069300004148,
      "process_ms": 3010.7639739999854,
      "roundtrip_ms": 1544.2920639999898,
      "preview_ms": 3048.6344980000126,
      "mesh_build_ms": 152.50976400000127,
      "mesh_peak_mb": 73.458,
      "mesh_vertices": 262144.0,
      "mesh_triangles": 522242.0,
      "mesh_decimation": 8.0
    },
    "HEIGHT16-40MP": {
      "import_ms": 288.17435099995237,
      "process_ms": 8121.4551569999,
      "roundtrip_ms": 3712.6712870000347,
      "preview_ms": 19020.41727900007,
      "mesh_build_ms": 220.29831800000466,
      "mesh_peak_mb": 69.225,
      "mesh_vertices": 163840.0,
      "mesh_triangles": 326018.0,
      "mesh_decimation": 16.0
    }
  }
}
